id;last_name;first_name;address;email;password
1;Rau;Abraham;Bucherstraße 8 86221 Hamburg;Shane.Hane@gmail.com;123456
2;Auer;Lempi;Meierstraße 3b 62782 Frankfurt;Nichole95@hotmail.com;1234567
3;Funk;Rigoberto;Mustermannweg 6c 92872 Berlin;Martin.Schaefer@hotmail.com;12345678
4;Mosciski;Eva;Alleweg 33d 21134 Dortmund;Olin.Willms@gmail.com;123456789
5;Lehner;Amani;Nordweg 1c 52461 Düsseldorf;Mac.Abbott58@gmail.com;1234567890
6;Effertz;Evans;Südstraße 125f 21214 Gelsenkirchen;Asia.Dickens-Tillman@gmail.com;1234
7;Goodwin;Kyla;Zum Baum 2a 43241 München;Darrin.Ferry9@yahoo.com;123
8;McClure-Wilderman;Eleanora;Zur Sonne Alee 2 86482 rosenheim;Dejon.Borer17@hotmail.com;1231123
9;Bailey;Bailee;Ingelsberg 3f 52415 Bielefeld;Lulu79@gmail.com;123123123
10;Von;Enid;Veilchenweg 21b 82648 Traunstein;Una_Wiegand@yahoo.com;123123123123
